DATE,LUZVIS PRICE (PHP/KWH),LUZON DEMAND (MW),VISAYAS DEMAND (MW),LUZON SUPPLY (MW),VISAYAS SUPPLY (MW),BLOCK
2022-01-01,3.3037500000000004,134903.0,20874.0,246711.49000000002,48366.479999999996,Sun / Hol
2022-01-02,3.6970833333333335,141162.0,21515.0,241051.72,47528.170000000006,Sun / Hol
2022-01-03,4.8525,169898.0,25304.0,248228.10000000003,44520.21000000001,Weekday
2022-01-04,5.819583333333334,181105.0,26728.0,244836.84000000003,50644.36999999999,Weekday
2022-01-05,12.159583333333332,185404.0,27453.0,238405.81,50449.00999999999,Weekday
2022-01-06,7.636666666666667,186201.0,29241.0,232226.08000000002,59181.26000000001,Weekday
2022-01-07,5.645,186436.0,29904.0,244618.05,56665.61,Weekday
2022-01-08,10.289166666666667,182213.0,29425.0,224572.78,55124.08999999999,Sat
2022-01-09,10.359166666666667,173635.0,28876.0,216811.95,58658.51000000001,Sun / Hol
2022-01-10,5.760416666666667,193234.0,32458.0,221431.85,59059.31999999999,Weekday
2022-01-11,9.427916666666667,191733.0,33335.0,228285.83000000002,58081.630000000005,Weekday
2022-01-12,8.340416666666666,187103.0,33126.0,239696.27000000002,54555.27,Weekday
2022-01-13,9.172916666666667,183784.0,32575.0,232290.6,52710.649999999994,Weekday
2022-01-14,6.148333333333333,179016.0,31453.0,229708.45,53057.299999999996,Weekday
2022-01-15,6.7629166666666665,168476.0,30391.0,224546.33000000002,51547.52999999999,Sat
2022-01-16,6.16375,158030.0,29358.0,219770.45,51000.98999999999,Sun / Hol
2022-01-17,8.352916666666667,174251.0,32398.0,227121.35,48938.44,Weekday
2022-01-18,6.065416666666667,177402.0,33138.0,232634.94000000003,52993.04,Weekday
2022-01-19,6.275833333333334,182450.0,34006.0,240820.82,53151.56,Weekday
2022-01-20,9.175,184536.0,34607.0,238962.98,52189.3,Weekday
2022-01-21,11.126249999999999,188202.0,34656.0,224657.06999999995,52202.939999999995,Weekday
2022-01-22,6.539583333333333,184225.0,34138.0,227286.17999999996,51533.28000000001,Sat
2022-01-23,9.1775,175349.0,32363.0,208089.84000000003,50212.92999999999,Sun / Hol
2022-01-24,11.2575,194303.0,34474.0,234414.44999999998,50463.119999999995,Weekday
2022-01-25,6.107916666666667,197470.0,33927.0,246045.71,51618.48,Weekday
2022-01-26,8.209166666666667,196751.0,34566.0,241985.87000000005,51682.729999999996,Weekday
2022-01-27,12.780416666666667,204097.0,37666.0,239198.12,51510.59999999999,Weekday
2022-01-28,6.232083333333333,206814.0,37782.0,226354.48,52579.780000000006,Weekday
2022-01-29,7.770833333333333,198110.0,36348.0,231273.0599999999,52684.21,Sat
2022-01-30,6.9366666666666665,183689.0,34579.0,236646.03000000003,52788.44000000002,Sun / Hol
2022-01-31,4.323333333333333,193709.0,37628.0,259879.42999999996,55772.21,Weekday
2022-02-01,3.3370833333333336,182795.0,36540.0,263547.62999999995,57185.57000000001,Sun / Hol
2022-02-02,4.865,192343.0,37429.0,262948.03,53845.169999999984,Weekday
2022-02-03,4.104583333333333,194217.0,38507.0,267464.78,58096.979999999996,Weekday
2022-02-04,3.41,196002.0,37143.0,273332.8900000001,58565.64,Weekday
2022-02-05,3.7379166666666666,186715.0,36032.0,258530.42,58728.579999999994,Sat
2022-02-06,3.2458333333333336,173809.0,33433.0,248317.87999999995,58877.549999999996,Sun / Hol
2022-02-07,5.4675,195186.0,37382.0,248666.46,58366.03,Weekday
2022-02-08,5.5575,204141.0,38323.0,249459.47000000003,58045.97,Weekday
2022-02-09,9.362916666666665,203760.0,37679.0,248393.16999999998,57854.53,Weekday
2022-02-10,5.5275,202781.0,37587.0,248777.34000000003,57243.340000000004,Weekday
2022-02-11,7.4775,202425.0,37928.0,248683.19000000003,56866.11,Weekday
2022-02-12,4.252916666666667,191465.0,36245.0,256577.87999999998,54014.81,Sat
2022-02-13,3.892916666666667,182109.0,33779.0,251753.99,54617.270000000004,Sun / Hol
2022-02-14,5.6312500000000005,202789.0,38107.0,253396.95,55207.54,Weekday
2022-02-15,4.022916666666666,207314.0,38779.0,268224.9799999999,56252.53999999999,Weekday
2022-02-16,4.474166666666666,205383.0,39008.0,267484.25999999995,56165.259999999995,Weekday
2022-02-17,6.8429166666666665,205082.0,39023.0,256339.01999999993,52523.73,Weekday
2022-02-18,10.834166666666667,207170.0,38505.0,250169.13000000003,51219.28999999999,Weekday
2022-02-19,6.422083333333333,198960.0,36936.0,249294.52000000002,49551.11,Sat
2022-02-20,6.5254166666666675,186416.0,35328.0,246655.06,49533.80999999999,Sun / Hol
2022-02-21,5.235833333333333,205368.0,38336.0,267748.04000000004,50525.73999999999,Weekday
2022-02-22,5.24125,205241.0,38394.0,271270.18,50950.22,Weekday
2022-02-23,5.8187500000000005,202570.0,37469.0,273050.93999999994,51616.500000000015,Weekday
2022-02-24,7.399166666666667,204854.0,38469.0,251382.81999999998,51246.24,Weekday
2022-02-25,5.4558333333333335,193706.0,37078.0,247745.74,51113.17999999999,Sun / Hol
2022-02-26,7.940833333333334,190173.0,36134.0,240466.49000000005,51998.00000000001,Sat
2022-02-27,5.920000000000001,179352.0,35017.0,243849.73000000004,52320.52999999999,Sun / Hol
2022-02-28,4.164166666666667,203074.0,36863.0,269059.2,52363.02000000002,Weekday
2022-03-01,4.425833333333333,207029.0,38763.0,277088.05,52964.270000000004,Weekday
2022-03-02,5.809583333333333,210772.0,39483.0,270766.09,50954.840000000004,Weekday
2022-03-03,5.927083333333333,214535.0,39153.0,271549.1,54180.31,Weekday
2022-03-04,7.0304166666666665,215144.0,39327.0,262494.55,54866.060000000005,Weekday
2022-03-05,4.470833333333333,204868.0,37789.0,264193.98,55875.85999999999,Sat
2022-03-06,3.875833333333333,191457.0,34089.0,268908.5599999999,58581.65,Sun / Hol
2022-03-07,4.435,210301.0,36922.0,275172.52999999997,58680.14,Weekday
2022-03-08,4.262083333333334,215639.0,38760.0,284365.76999999996,60203.39,Weekday
2022-03-09,3.8991666666666664,211066.0,38534.0,273190.18,61181.93,Weekday
2022-03-10,5.453749999999999,212159.0,38060.0,268845.52,56557.3,Weekday
2022-03-11,7.687083333333334,217689.0,38607.0,266870.37000000005,55803.28999999999,Weekday
2022-03-12,5.909166666666667,212633.0,38217.0,267466.07,55805.78,Sat
2022-03-13,5.102083333333334,194003.0,36208.0,260320.31,55337.15999999999,Sun / Hol
2022-03-14,10.738750000000001,218059.0,40820.0,265827.55000000005,54205.32000000001,Weekday
2022-03-15,8.568333333333333,225423.0,40951.0,268702.86,55210.729999999996,Weekday
2022-03-16,8.072916666666666,227216.0,41463.0,260341.79000000004,55743.83999999999,Weekday
2022-03-17,8.65375,230863.0,42382.0,269229.83,55710.42000000001,Weekday
2022-03-18,10.0325,230741.0,42312.0,270578.70999999996,55509.130000000005,Weekday
2022-03-19,5.404583333333334,216383.0,40944.0,271700.76,53887.25,Sat
2022-03-20,5.1812499999999995,203100.0,37647.0,275703.64,52083.159999999996,Sun / Hol
2022-03-21,7.19125,227294.0,40463.0,278858.05,53097.57,Weekday
2022-03-22,9.821666666666667,234840.0,39762.0,279619.47,53077.80999999999,Weekday
2022-03-23,8.429166666666667,238420.0,41486.0,285909.31,52850.39,Weekday
2022-03-24,7.412916666666667,236145.0,42619.0,293841.38,51840.280000000006,Weekday
2022-03-25,10.878333333333332,233260.0,42566.0,283337.0800000001,49991.00000000001,Weekday
2022-03-26,8.866666666666667,223916.0,40091.0,257588.55,50331.59,Sat
2022-03-27,6.447083333333333,208860.0,36752.0,281158.97000000003,48727.81999999999,Sun / Hol
2022-03-28,7.042916666666667,229605.0,39607.0,299187.55,46749.22000000001,Weekday
2022-03-29,6.891666666666667,234717.0,42755.0,291523.27999999997,49095.380000000005,Weekday
2022-03-30,6.400833333333334,234866.0,43279.0,286187.35,50933.39,Weekday
2022-03-31,7.355,236416.0,42680.0,287192.22000000003,50023.240000000005,Weekday
2022-04-01,5.649583333333333,231773.0,42853.0,289612.25000000006,53836.80999999999,Weekday
2022-04-02,3.1320833333333336,212717.0,39795.0,292055.80999999994,55054.46,Sat
2022-04-03,3.7891666666666666,195566.0,36521.0,275616.69,54639.95999999999,Sun / Hol
2022-04-04,3.3425,217067.0,41088.0,297218.8300000001,56588.97,Weekday
2022-04-05,3.84,208043.0,40568.0,302582.91000000003,54855.469999999994,Weekday
2022-04-06,4.2525,212434.0,39762.0,308266.89999999997,53767.119999999995,Weekday
2022-04-07,4.024583333333333,217753.0,39800.0,307074.42000000004,56521.479999999996,Weekday
2022-04-08,4.24625,215046.0,38505.0,305877.57999999996,56946.42,Weekday
2022-04-09,3.93625,197970.0,35091.0,290647.17000000004,56361.299999999996,Sun / Hol
2022-04-10,4.555000000000001,189633.0,32260.0,277548.23,55111.49,Sun / Hol
2022-04-11,4.293333333333334,211279.0,32322.0,290609.5900000001,54707.420000000006,Weekday
2022-04-12,4.7562500000000005,215720.0,32081.0,293786.2200000001,54402.74000000001,Weekday
2022-04-13,5.7825,209084.0,33486.0,277509.31000000006,54855.290000000015,Weekday
2022-04-14,6.2225,177663.0,31464.0,246045.97,54415.51000000001,Sun / Hol
2022-04-15,4.59375,165385.0,30235.0,256662.80999999997,54788.39,Sun / Hol
2022-04-16,5.641249999999999,177590.0,33726.0,239905.13,56332.63000000001,Sun / Hol
2022-04-17,5.729583333333333,177590.0,34421.0,259514.55000000005,56702.95,Sun / Hol
2022-04-18,10.56625,213908.0,40169.0,267688.69999999995,54863.74,Weekday
2022-04-19,8.492916666666668,222181.0,41478.0,271735.65,56422.25,Weekday
2022-04-20,8.025,224950.0,42567.0,270098.81,56267.8,Weekday
2022-04-21,10.49,229703.0,43719.0,267330.78,55655.56,Weekday
2022-04-22,8.503333333333334,232783.0,43498.0,277836.42,55681.61999999999,Weekday
2022-04-23,6.128333333333333,217556.0,41517.0,281396.23999999993,56391.18000000001,Sat
2022-04-24,6.202916666666667,204453.0,40117.0,279972.66,57068.48999999999,Sun / Hol
2022-04-25,6.632083333333333,231389.0,44006.0,290303.45999999996,56919.44000000001,Weekday
2022-04-26,7.423333333333333,236127.0,43955.0,301803.3,57182.53,Weekday
2022-04-27,7.72,236578.0,43266.0,289975.8699999999,56548.85999999999,Weekday
2022-04-28,9.565,237012.0,42330.0,287366.19999999995,58041.969999999994,Weekday
2022-04-29,9.855,238691.0,43658.0,290771.99,60758.36000000001,Weekday
2022-04-30,5.878333333333334,224881.0,41760.0,289098.66000000003,61045.68999999999,Sat
2022-05-01,4.4679166666666665,203667.0,38142.0,287994.67000000004,61308.42,Sun / Hol
2022-05-02,4.328333333333333,223935.0,42886.0,296643.3399999999,61700.73999999999,Weekday
2022-05-03,5.078333333333333,218748.0,41103.0,296829.15,61676.369999999995,Weekday
2022-05-04,5.638749999999999,235809.0,44101.0,302335.60000000003,62183.130000000005,Sun / Hol
2022-05-05,6.295000000000001,241248.0,43627.0,311797.78,60132.05,Weekday
2022-05-06,5.755416666666666,240780.0,43420.0,320229.27,62162.37000000001,Weekday
2022-05-07,5.335833333333333,229908.0,42936.0,321911.01999999996,62216.590000000004,Sat
2022-05-08,5.559583333333333,215073.0,40234.0,308354.82999999996,62306.45,Sun / Hol
2022-05-09,3.327916666666667,200901.0,37866.0,312112.97000000003,61873.130000000005,Weekday
2022-05-10,7.038333333333334,234578.0,43796.0,310983.52999999997,61837.119999999995,Weekday
2022-05-11,6.8566666666666665,244102.0,45276.0,312670.53,61921.959999999985,Weekday
2022-05-12,6.859166666666667,247208.0,46351.0,316626.04000000004,62428.07999999999,Weekday
2022-05-13,7.366666666666667,247715.0,45933.0,317119.16000000003,62026.33000000001,Weekday
2022-05-14,5.8374999999999995,236555.0,42234.0,310998.3,60367.50999999999,Sat
2022-05-15,5.269583333333333,209706.0,38151.0,304270.91000000003,60908.919999999984,Sun / Hol
2022-05-16,5.2804166666666665,225256.0,43101.0,313019.50000000006,61278.599999999984,Weekday
2022-05-17,6.094166666666666,226723.0,44641.0,300973.08999999997,61191.64,Weekday
2022-05-18,4.8966666666666665,224406.0,44305.0,311236.69999999995,60791.539999999986,Weekday
2022-05-19,4.46875,223036.0,44732.0,303886.14,61098.880000000005,Weekday
2022-05-20,4.162083333333333,219588.0,45213.0,307210.8,61199.05,Weekday
2022-05-21,4.822916666666667,205658.0,42043.0,288465.41,60768.74,Sat
2022-05-22,4.264166666666667,195500.0,38511.0,292250.61,61092.130000000005,Sun / Hol
2022-05-23,5.220416666666667,221506.0,43469.0,307425.92000000004,61303.79,Weekday
2022-05-24,5.976666666666667,233401.0,44449.0,319473.86,61006.07,Weekday
2022-05-25,7.1525,236815.0,44888.0,320542.49,58960.16,Weekday
2022-05-26,6.269583333333333,235853.0,46269.0,319259.3000000001,57609.35000000001,Weekday
2022-05-27,6.516666666666667,236556.0,42781.0,312642.57999999996,56826.899999999994,Weekday
2022-05-28,5.245,215382.0,40308.0,307158.54,57047.7,Sat
2022-05-29,6.883333333333333,203422.0,37809.0,295959.2800000001,57236.57,Sun / Hol
2022-05-30,7.494166666666666,231684.0,40985.0,297519.67,57092.990000000005,Weekday
2022-05-31,7.045416666666667,230362.0,41305.0,298320.99,57296.14,Weekday
2022-06-01,5.952916666666667,223086.0,43503.0,303459.6699999999,57594.94999999999,Weekday
2022-06-02,7.548749999999999,229193.0,43724.0,303187.2,57213.77999999999,Weekday
2022-06-03,13.503749999999998,237553.0,42079.0,291688.91,58538.59,Weekday
2022-06-04,6.189583333333334,226492.0,41521.0,271371.74999999994,61958.409999999996,Sat
2022-06-05,7.307916666666667,210653.0,36391.0,255484.2,60517.76,Sun / Hol
2022-06-06,9.383333333333335,234434.0,41528.0,285320.93,62112.76000000001,Weekday
2022-06-07,6.776666666666667,240297.0,43159.0,298385.23,62203.640000000014,Weekday
2022-06-08,7.812916666666666,238927.0,43207.0,294397.6,62188.71000000001,Weekday
2022-06-09,11.521666666666667,239508.0,43637.0,288634.98,62384.79999999999,Weekday
2022-06-10,7.678333333333334,242130.0,43844.0,280541.82,61639.42,Weekday
2022-06-11,8.0025,228037.0,39836.0,259938.68,60065.030000000006,Sat
2022-06-12,6.347916666666666,208664.0,37386.0,262637.16,61344.08999999999,Sun / Hol
2022-06-13,10.227083333333335,236380.0,42558.0,290860.99000000005,58862.80000000002,Weekday
2022-06-14,8.359583333333333,238282.0,42507.0,291686.86000000004,61554.49999999999,Weekday
2022-06-15,7.512083333333333,235362.0,43236.0,292204.1200000001,61454.14000000001,Weekday
2022-06-16,11.149999999999999,238974.0,44202.0,287843.57000000007,60011.52000000001,Weekday
2022-06-17,8.432916666666666,244351.0,44400.0,280157.26999999996,59358.319999999985,Weekday
2022-06-18,7.477083333333333,226711.0,42418.0,269316.25,59268.500000000015,Sat
2022-06-19,11.07,208610.0,39106.0,248026.21999999997,58672.049999999996,Sun / Hol
2022-06-20,8.625833333333333,232393.0,43591.0,271864.98,58027.799999999996,Weekday
2022-06-21,7.4325,235440.0,41472.0,259683.86000000007,56399.00999999999,Weekday
2022-06-22,11.039583333333333,234002.0,39847.0,260009.00000000006,56855.329999999994,Weekday
2022-06-23,8.575000000000001,225302.0,41671.0,262796.31,58449.07000000001,Weekday
2022-06-24,7.480833333333333,228069.0,42817.0,269455.93999999994,59896.409999999996,Weekday
2022-06-25,7.002083333333334,218222.0,40998.0,272761.19000000006,61240.52000000001,Sat
2022-06-26,6.421666666666667,199795.0,37759.0,273511.01,60785.58,Sun / Hol
2022-06-27,6.127916666666667,218180.0,41227.0,287650.97000000003,60686.570000000014,Weekday
2022-06-28,6.122083333333333,219663.0,41038.0,287780.19999999995,61036.90999999999,Weekday
2022-06-29,8.687916666666666,220807.0,41359.0,282236.81,59941.400000000016,Weekday
2022-06-30,9.734583333333333,222362.0,41830.0,276614.98000000004,59353.020000000004,Weekday
2022-07-01,8.6425,220322.0,42513.0,278561.33,58283.330000000016,Weekday
2022-07-02,8.616249999999999,209524.0,40354.0,274343.23999999993,56631.04000000001,Sat
2022-07-03,9.7625,202480.0,38477.0,257307.24000000002,59988.48000000001,Sun / Hol
2022-07-04,8.758333333333333,224695.0,41988.0,266672.92,59467.810000000005,Weekday
2022-07-05,8.519583333333333,222697.0,41646.0,256796.47999999998,58660.32000000001,Weekday
2022-07-06,9.161666666666667,222251.0,39175.0,263155.62,53119.740000000005,Weekday
2022-07-07,8.991666666666667,219795.0,40985.0,269565.5899999999,50722.64000000001,Weekday
2022-07-08,8.985416666666667,218860.0,40352.0,273019.46,48933.64,Weekday
2022-07-09,7.700833333333333,208147.0,37555.0,262921.39999999997,52613.42999999999,Sat
2022-07-10,8.589583333333334,201930.0,36160.0,271298.38,52682.27000000002,Sun / Hol
2022-07-11,10.598333333333334,225436.0,40482.0,272086.14999999997,49883.61,Weekday
2022-07-12,7.652916666666667,226094.0,41059.0,273527.97000000003,49071.34999999999,Weekday
2022-07-13,8.047083333333333,223313.0,41507.0,277625.32,49924.27999999999,Weekday
2022-07-14,11.344166666666666,230481.0,41654.0,278967.64999999997,49768.16999999999,Weekday
2022-07-15,7.663333333333334,232467.0,42279.0,274138.33999999997,50525.950000000004,Weekday
2022-07-16,8.01625,216739.0,40208.0,273710.44000000006,50421.86999999999,Sat
2022-07-17,8.391666666666667,197011.0,37145.0,261831.96,52583.82,Sun / Hol
2022-07-18,9.892083333333334,216137.0,40103.0,275724.66,52929.64,Weekday
2022-07-19,7.8525,227656.0,41521.0,284296.48,54430.30999999998,Weekday
2022-07-20,9.262916666666667,232485.0,42750.0,289128.76,56646.47,Weekday
2022-07-21,7.640833333333333,220552.0,42340.0,291829.79,55091.72000000001,Weekday
2022-07-22,8.955,221987.0,42553.0,292771.33999999997,53967.29000000001,Weekday
2022-07-23,9.947916666666666,213606.0,40867.0,273612.50999999995,54773.98999999999,Sat
2022-07-24,8.16375,205426.0,37538.0,267860.2899999999,53983.850000000006,Sun / Hol
2022-07-25,7.82125,225587.0,40788.0,274386.1400000001,53651.479999999996,Weekday
2022-07-26,9.953333333333333,227235.0,42520.0,279755.95,54979.42,Weekday
2022-07-27,9.252083333333333,227397.0,43450.0,283543.32,57980.92999999999,Weekday
2022-07-28,7.777916666666666,232397.0,44147.0,291281.22000000003,58977.78,Weekday
2022-07-29,7.19125,228369.0,43200.0,297652.7299999999,58727.41000000001,Weekday
2022-07-30,7.13375,206917.0,39878.0,294694.74000000005,59182.060000000005,Sat
2022-07-31,6.12,190182.0,37451.0,285387.54000000004,58881.88,Sun / Hol
2022-08-01,5.2908333333333335,211869.0,40895.0,302474.7,59988.28,Weekday
2022-08-02,5.7825,217251.0,42728.0,304645.33999999997,60587.26,Weekday
2022-08-03,6.090416666666666,224735.0,43854.0,307369.55999999994,60084.92999999999,Weekday
2022-08-04,6.299166666666667,222417.0,41825.0,303105.68,58926.479999999996,Weekday
2022-08-05,4.611666666666667,209091.0,40056.0,300883.80000000005,58254.18000000001,Weekday
2022-08-06,5.312083333333333,196783.0,37667.0,283251.45,58389.66999999999,Sat
2022-08-07,4.886666666666667,182892.0,34859.0,270896.36000000004,58047.88999999999,Sun / Hol
2022-08-08,5.055,197545.0,40117.0,279026.9,58261.490000000005,Weekday
2022-08-09,6.255416666666666,209740.0,40172.0,281701.33,59024.899999999994,Weekday
2022-08-10,6.870416666666666,218011.0,40615.0,283631.29000000004,57966.18,Weekday
2022-08-11,6.85625,219220.0,42429.0,287778.57999999996,57257.450000000004,Weekday
2022-08-12,7.269166666666667,222013.0,42669.0,290914.47,57322.600000000006,Weekday
2022-08-13,6.5675,209526.0,39325.0,289365.35,56843.990000000005,Sat
2022-08-14,6.107083333333333,190704.0,35806.0,284762.43999999994,55862.56000000001,Sun / Hol
2022-08-15,6.37375,207878.0,41403.0,288012.36,54567.43,Weekday
2022-08-16,5.729583333333333,215622.0,42963.0,289998.25999999995,52504.28999999999,Weekday
2022-08-17,6.522916666666667,216162.0,42601.0,289472.56999999995,51776.06999999999,Weekday
2022-08-18,6.394166666666667,215141.0,42163.0,288176.36000000004,51551.23,Weekday
2022-08-19,8.251666666666667,213174.0,41414.0,284057.79000000004,51440.44999999999,Weekday
2022-08-20,6.777083333333334,202857.0,38075.0,284260.5900000001,53828.99,Sat
2022-08-21,8.497083333333334,190187.0,37050.0,265014.37,53720.020000000004,Sun / Hol
2022-08-22,8.48375,207721.0,40146.0,273178.22,54624.32000000001,Weekday
2022-08-23,7.565833333333334,196909.0,41930.0,268466.82,57489.47,Weekday
2022-08-24,8.915833333333333,199218.0,42544.0,265006.86999999994,58276.47,Weekday
2022-08-25,10.549166666666666,216750.0,42514.0,256078.11000000004,59971.73999999999,Weekday
2022-08-26,7.742083333333333,221166.0,42663.0,258947.62000000002,60894.0,Weekday
2022-08-27,8.185416666666667,205520.0,41124.0,261337.71000000002,59746.340000000004,Sat
2022-08-28,10.560416666666667,192742.0,39547.0,250419.00999999995,61243.280000000006,Sun / Hol
2022-08-29,8.276666666666666,195828.0,40339.0,260665.81,59106.01,Sun / Hol
2022-08-30,8.242916666666668,217704.0,43248.0,260914.27000000005,59128.549999999996,Weekday
2022-08-31,10.234166666666667,219839.0,44684.0,266792.01,58490.520000000004,Weekday
2022-09-01,8.628333333333334,221830.0,45050.0,267628.22000000003,58715.320000000014,Weekday
2022-09-02,8.010833333333332,217088.0,45243.0,271902.45,58880.96,Weekday
2022-09-03,8.36,195960.0,42922.0,267791.28,58482.12999999998,Sat
2022-09-04,8.549583333333333,188006.0,40340.0,266759.19999999995,58741.67,Sun / Hol
2022-09-05,10.09375,215973.0,43497.0,279130.23,58472.119999999995,Weekday
2022-09-06,8.4,223290.0,43132.0,272886.13000000006,58791.030000000006,Weekday
2022-09-07,8.5375,229328.0,43860.0,273639.98999999993,58611.909999999996,Weekday
2022-09-08,10.155416666666666,232597.0,44397.0,286304.85000000003,58298.990000000005,Weekday
2022-09-09,8.347083333333334,227070.0,42100.0,292116.98999999993,57199.94,Weekday
2022-09-10,8.35875,207139.0,40725.0,286043.92999999993,57446.94000000001,Sat
2022-09-11,10.374166666666666,189886.0,39580.0,239318.63,58238.84,Sun / Hol
2022-09-12,8.36875,219581.0,45419.0,238125.92000000004,57774.319999999985,Weekday
2022-09-13,8.267083333333334,227319.0,45952.0,279542.85000000003,57452.23,Weekday
2022-09-14,10.36125,227620.0,45899.0,298597.99000000005,55778.93000000001,Weekday
2022-09-15,8.425833333333333,225323.0,44333.0,283358.37,53889.77000000001,Weekday
2022-09-16,8.235416666666667,224464.0,42412.0,277174.7,54537.35,Weekday
2022-09-17,8.447916666666666,209925.0,42170.0,274252.62999999995,57945.17000000001,Sat
2022-09-18,10.402916666666668,196820.0,40405.0,259825.99000000002,58145.28,Sun / Hol
2022-09-19,8.234166666666667,211014.0,45078.0,262005.05000000005,60173.5,Weekday
2022-09-20,8.311666666666666,209339.0,46016.0,261225.87,60408.04,Weekday
2022-09-21,10.179583333333333,215588.0,45578.0,267368.77,60436.35,Weekday
2022-09-22,8.599166666666667,214715.0,45080.0,263956.86,56045.11000000001,Weekday
2022-09-23,8.355833333333333,214753.0,44108.0,263608.35,52953.43000000001,Weekday
2022-09-24,9.769583333333333,207398.0,40944.0,260187.43,53669.52999999999,Sat
2022-09-25,6.3495833333333325,180230.0,36707.0,272873.17000000004,57444.340000000004,Sun / Hol
2022-09-26,6.87625,180494.0,41146.0,285754.94,58135.3,Weekday
2022-09-27,12.9225,213307.0,42748.0,279596.54000000004,59039.53999999999,Weekday
2022-09-28,8.049583333333333,217900.0,42075.0,263821.62,57346.19,Weekday
2022-09-29,6.20625,218808.0,42297.0,252961.15,52417.17,Weekday
2022-09-30,12.739583333333334,216289.0,41457.0,253897.04,49680.26,Weekday
2022-10-01,8.172083333333333,207991.0,40119.0,253327.76000000004,49398.63,Sat
2022-10-02,6.242083333333333,193874.0,39056.0,251809.81,53237.68000000001,Sun / Hol
2022-10-03,12.082500000000001,212173.0,43330.0,266831.82,53143.569999999985,Weekday
2022-10-04,8.8025,220434.0,43319.0,275869.81,54989.36999999998,Weekday
2022-10-05,6.166666666666667,227294.0,43467.0,273259.88999999996,58545.700000000004,Weekday
2022-10-06,11.600833333333334,229227.0,43873.0,287614.80000000005,59524.829999999994,Weekday
2022-10-07,9.407083333333333,228324.0,44615.0,285524.64,59039.58000000001,Weekday
2022-10-08,6.141666666666667,214214.0,41019.0,269111.82999999996,58897.80000000001,Sat
2022-10-09,10.98625,200840.0,39101.0,255237.26000000007,58275.36,Sun / Hol
2022-10-10,10.017083333333334,225809.0,43047.0,266344.51,54189.8,Weekday
2022-10-11,6.2058333333333335,232364.0,44199.0,271088.29000000004,54983.45999999999,Weekday
2022-10-12,10.4175,231061.0,45149.0,268044.57,54699.909999999996,Weekday
2022-10-13,10.5025,230185.0,45014.0,264625.01,55471.34,Weekday
2022-10-14,6.211666666666667,230242.0,44947.0,266486.33999999997,55908.5,Weekday
2022-10-15,9.925416666666667,219235.0,41071.0,270287.67999999993,44229.090000000004,Sat
2022-10-16,9.710416666666667,202895.0,38956.0,265400.61,48858.960000000014,Sun / Hol
2022-10-17,7.691666666666666,223234.0,42357.0,269613.91,49644.18,Weekday
2022-10-18,9.359583333333333,227858.0,43354.0,258458.56999999998,51733.54,Weekday
2022-10-19,9.2075,224230.0,44095.0,272624.26,56433.55,Weekday
2022-10-20,8.437916666666666,219704.0,43134.0,271121.42000000004,56253.53,Weekday
2022-10-21,8.357916666666666,222169.0,43929.0,275925.51,57435.229999999996,Weekday
2022-10-22,9.409166666666666,216245.0,43386.0,271935.42000000004,57354.630000000005,Sat
2022-10-23,8.882916666666667,201890.0,39640.0,270973.81999999995,55983.05,Sun / Hol
2022-10-24,8.706249999999999,224677.0,42833.0,281641.05,54409.60000000001,Weekday
2022-10-25,8.09625,215923.0,42148.0,278795.68,53517.8,Weekday
2022-10-26,8.164583333333333,212649.0,40676.0,277304.43000000005,54337.72999999999,Weekday
2022-10-27,8.855,218002.0,41606.0,278443.58999999997,55800.06,Weekday
2022-10-28,8.388333333333334,212835.0,38116.0,276597.42,51505.6,Weekday
2022-10-29,2.7125,165144.0,33713.0,257847.00000000006,52351.420000000006,Sat
2022-10-30,7.142916666666667,155100.0,35636.0,217331.66,53256.34,Sun / Hol
2022-10-31,7.577500000000001,170666.0,37175.0,240241.71000000002,52848.71000000003,Weekday
2022-11-01,3.703333333333333,167136.0,37113.0,256696.88,52161.719999999994,Sun / Hol
2022-11-02,6.570416666666667,201014.0,39939.0,281967.23,49651.719999999994,Sun / Hol
2022-11-03,8.37625,216135.0,42388.0,288554.75000000006,52468.19,Weekday
2022-11-04,8.170416666666666,213853.0,42647.0,294129.4700000001,52654.03000000001,Weekday
2022-11-05,8.842083333333333,203386.0,42051.0,277244.1000000001,52866.32000000001,Sat
2022-11-06,6.585,190215.0,39380.0,282544.70000000007,54508.90999999999,Sun / Hol
2022-11-07,8.69875,217347.0,43737.0,286000.28,56850.840000000004,Weekday
2022-11-08,9.695416666666667,216860.0,44267.0,286541.32999999996,56952.33,Weekday
2022-11-09,8.645833333333334,219219.0,43531.0,277639.38999999996,57221.97,Weekday
2022-11-10,8.685833333333333,223985.0,42797.0,280836.37,56919.61,Weekday
2022-11-11,9.305416666666668,223921.0,43033.0,284686.86,57323.87,Weekday
2022-11-12,9.091666666666667,210665.0,41717.0,280790.51,58190.1,Sat
2022-11-13,8.05875,196676.0,39755.0,272049.51999999996,58311.200000000004,Sun / Hol
2022-11-14,9.844166666666666,222994.0,43196.0,281455.62,57645.41,Weekday
2022-11-15,9.164166666666667,223959.0,43911.0,272434.77999999997,56577.62,Weekday
2022-11-16,8.07625,225519.0,42995.0,281002.37999999995,56939.23999999999,Weekday
2022-11-17,9.70375,223491.0,42517.0,281120.72,57235.009999999995,Weekday
2022-11-18,9.160416666666666,216498.0,40412.0,272698.79,56529.02999999999,Weekday
2022-11-19,7.248333333333334,199970.0,38181.0,262552.86,54833.02999999999,Sat
2022-11-20,7.409583333333334,189840.0,36624.0,274024.19,55052.8,Sun / Hol
2022-11-21,9.352500000000001,210748.0,41941.0,286982.04,58903.82000000001,Weekday
2022-11-22,10.237916666666667,218947.0,43421.0,276143.89,59944.869999999995,Weekday
2022-11-23,7.43625,221704.0,44066.0,278392.88,59006.11,Weekday
2022-11-24,9.324583333333333,226035.0,44619.0,275811.01,56045.84000000001,Weekday
2022-11-25,10.294583333333334,222722.0,44454.0,276190.1400000001,55385.44,Weekday
2022-11-26,7.565833333333334,208922.0,41899.0,259246.08000000002,54594.100000000006,Sat
2022-11-27,9.149583333333334,192853.0,38731.0,225885.05,54913.720000000016,Sun / Hol
2022-11-28,10.419166666666667,214076.0,43753.0,241445.58000000002,52646.380000000005,Weekday
2022-11-29,7.564583333333334,224022.0,44471.0,255403.97000000003,58063.090000000004,Weekday
2022-11-30,9.143749999999999,208421.0,41130.0,257411.82000000004,58787.78,Sun / Hol
2022-12-01,10.42625,218838.0,42621.0,248854.61000000002,57992.09,Weekday
2022-12-02,7.560833333333334,219164.0,42206.0,261408.71,55471.490000000005,Weekday
2022-12-03,9.174583333333333,210669.0,40848.0,254866.95,53022.68,Sat
2022-12-04,10.439583333333333,196395.0,38164.0,247532.42,52965.31999999999,Sun / Hol
2022-12-05,7.523333333333333,215017.0,41249.0,247638.81000000006,51421.28000000001,Weekday
2022-12-06,9.170833333333333,220173.0,42240.0,248546.34,53417.14999999999,Weekday
2022-12-07,10.431666666666667,221173.0,42169.0,252904.69999999998,54652.82000000001,Weekday
2022-12-08,7.62,209009.0,40452.0,238477.27000000002,55141.46,Sun / Hol
2022-12-09,9.065833333333334,212320.0,40945.0,241498.24999999997,54793.13999999999,Weekday
2022-12-10,9.774166666666668,199245.0,39399.0,243500.74000000002,55571.950000000004,Sat
2022-12-11,7.0687500000000005,185515.0,37540.0,236311.56,56089.49,Sun / Hol
2022-12-12,10.270416666666668,210386.0,41856.0,257363.16999999995,56192.06,Weekday
2022-12-13,9.837083333333334,216731.0,43095.0,250521.02000000002,56493.60999999999,Weekday
2022-12-14,6.957083333333333,219996.0,43429.0,254149.71000000002,54262.20999999999,Weekday
2022-12-15,10.303749999999999,219294.0,43377.0,250287.50999999998,53336.210000000014,Weekday
2022-12-16,9.849166666666667,218934.0,42750.0,244266.6,54335.31,Weekday
2022-12-17,6.94125,204329.0,41152.0,237935.53999999998,56362.76999999998,Sat
2022-12-18,8.880416666666667,184340.0,38217.0,246708.49000000002,57863.95,Sun / Hol
2022-12-19,8.4475,197891.0,40866.0,267234.88,58528.08,Weekday
2022-12-20,8.605,200508.0,41097.0,269393.83,55577.98,Weekday
2022-12-21,7.555833333333333,202935.0,41646.0,282308.07000000007,58666.689999999995,Weekday
2022-12-22,6.0754166666666665,196479.0,41178.0,286497.63,61162.28999999999,Weekday
2022-12-23,5.047083333333333,182886.0,39606.0,287070.23,60878.44000000002,Weekday
2022-12-24,2.049166666666667,153663.0,34379.0,274824.5800000001,60060.1,Sun / Hol
2022-12-25,1.6537499999999998,134180.0,30971.0,263752.31999999995,59437.60999999999,Sun / Hol
